Element	Unit	Sample	S	RSD	U
Ca	mg/L	3598.922273		40	
Mg	mg/L	1056.487091		40	
Na	mg/L	1680.129729		40	
K	mg/L	249.0944202		40	
SO4	mg/L	2896.603374		40	
Cl	mg/L	3509.984386		40	
HCO3	mg/L	1473.160525		40	
CO3	mg/L	4876.165141		40	
